<?xml version="1.0" encoding="utf-8"?>
<odoo>
    <data>

        <report
                id="interview_left_work"
                model="left.work"
                string="مقابلة ترك عمل"
                report_type="qweb-pdf"
                name="ommat_employee_id.interview_left_work"
                file="ommat_employee_id.interview_left_work"
        />

        <template id="interview_left_work">
            <t t-call="web.html_container">
                <t t-foreach="docs" t-as="o">
                    <t t-call="web.internal_layout">
                        <div class="page">
                            <br/>
                            <div margin="0 auto" padding-top="0">
                                <table width="100%" style="border: 1px solid #ddd; background-color: #EFECEB ;">
                                    <tr>
                                        <td width="30%" style="border: 1px solid #ddd;">
                                            <span>
                                                <img src="ommat_training_module/static/description/logo.png" alt="logo"
                                                     width="200px" height="120px"/>
                                            </span>
                                        </td>
                                        <td width="30%" style="border: 1px solid #ddd;" align="center">
                                            <h3>مقابلة ترك عمل</h3>
                                        </td>
                                        <td width="30%" style="border: 1px solid #ddd;" align="center">
                                            <h3>الشركة العربية لأمات الدواجن</h3>
                                        </td>
                                    </tr>
                                </table>
                            </div>
                            <br/>
                            <div align="right" dir="rtl" style="text-align:right">
                                <table width="100%">
                                    <tr>
                                        <td text-align="right">
                                            <h4>الاسم:</h4>
                                        </td>
                                        <td>
                                            <h4>
                                                <field t-field="o.name"/>
                                            </h4>
                                        </td>
                                        <td text-align="right">
                                            <h4>المسمي الوظيفي:</h4>
                                        </td>
                                        <td>
                                            <h4>
                                                <field t-field="o.job_position"/>
                                            </h4>
                                        </td>
                                    </tr>
                                    <tr>
                                        <td text-align="right">
                                            <h4>العنوان/الشارع:</h4>
                                        </td>
                                        <td>
                                            <h4>
                                                <field t-field="o.street"/>
                                            </h4>
                                        </td>
                                        <td text-align="right">
                                            <h4>المؤهل الدراسي:</h4>
                                        </td>
                                        <td>
                                            <h4>
                                                <field t-field="o.educational_qualification"/>
                                            </h4>
                                        </td>
                                    </tr>
                                    <tr>
                                        <td text-align="right">
                                            <h4>الحالة اﻻجتماعية:</h4>
                                        </td>
                                        <td>
                                            <h4>
                                                <field t-field="o.social_status"/>
                                            </h4>
                                        </td>
                                        <td text-align="right">
                                            <h4>تاريخ الميلاد:</h4>
                                        </td>
                                        <td>
                                            <h4>
                                                <field t-field="o.date_of_birth"/>
                                            </h4>
                                        </td>
                                    </tr>
                                    <tr>
                                        <td text-align="right">
                                            <h4>المدير المباشر:</h4>
                                        </td>
                                        <td>
                                            <h4>
                                                <field t-field="o.manger_name"/>
                                            </h4>
                                        </td>
                                        <td text-align="right">
                                            <h4>اخر تقييم اداء حصل عليه:</h4>
                                        </td>
                                        <td>
                                            <h4>
                                                <field t-field="o.latest_performance_evaluation"/>
                                            </h4>
                                        </td>
                                    </tr>
                                    <tr>
                                        <td text-align="right">
                                            <h4>تاريخ الانضمام للعمل:</h4>
                                        </td>
                                        <td>
                                            <h4>
                                                <field t-field="o.date_join_work"/>
                                            </h4>
                                        </td>
                                        <td text-align="right">
                                            <h4>تاريخ تقديم الاستقالة:</h4>
                                        </td>
                                        <td>
                                            <h4>
                                                <field t-field="o.work_ending_date"/>
                                            </h4>
                                        </td>
                                    </tr>
                                    <tr>
                                        <td text-align="right">
                                            <h4>خط السير الوظيفي منذ الالتحاق:</h4>
                                        </td>
                                        <td>
                                            <h4>
                                                <field t-field="o.career_itinerary"/>
                                            </h4>
                                        </td>
                                    </tr>
                                </table>
                            </div>
                            <br/>
                            <br/>
                            <div align="right" dir="rtl" style="text-align:right">
                                <table width="100%">
                                    <tr>
                                        <td text-align="right">
                                            <h4>متى قررت أن تترك العمل؟</h4>
                                        </td>
                                    </tr>
                                    <tr>
                                        <td>
                                            <h4>
                                                <field t-field="o.quit_work"/>
                                            </h4>
                                        </td>
                                    </tr>

                                    <tr>
                                        <td text-align="right">
                                            <h4>(1)ما هي اﻻشياء التي ضايقتك وجعلتك تفكر في الاستقالة ؟</h4>
                                        </td>
                                    </tr>
                                    <tr>
                                        <td>
                                            <h4>
                                                <field t-field="o.things_bothered_quitting"/>
                                            </h4>
                                        </td>
                                    </tr>

                                    <tr>
                                        <td text-align="right">
                                            <h4>(2)هل تري ان دورك الحالي في الشركة مناسبا لمؤهلاتك ؟</h4>
                                        </td>
                                    </tr>
                                    <tr>
                                        <td>
                                            <h4>
                                                <field t-field="o.current_in_company_qualification"/>
                                            </h4>
                                        </td>
                                    </tr>

                                    <tr>
                                        <td text-align="right">
                                            <h4>(3)هل تلقيت التدريب الكافي ﻻداء مهام عملك بكل كفاءة ؟</h4>
                                        </td>
                                    </tr>
                                    <tr>
                                        <td>
                                            <h4>
                                                <field t-field="o.work_tasks_efficiently"/>
                                            </h4>
                                        </td>
                                    </tr>

                                    <tr>
                                        <td text-align="right">
                                            <h4>(4)هل الزملاء الحاليين يرحبون بالاشخاص الجدد (المنضمين للعمل حديثا)؟
                                            </h4>
                                        </td>
                                    </tr>
                                    <tr>
                                        <td>
                                            <h4>
                                                <field t-field="o.welcome_new_people"/>
                                            </h4>
                                        </td>
                                    </tr>

                                    <tr>
                                        <td text-align="right">
                                            <h4>(5)هل لديك اية اقتراحات لمساعدتنا في ايجاد بديل ؟</h4>
                                        </td>
                                    </tr>
                                    <tr>
                                        <td>
                                            <h4>
                                                <field t-field="o.find_an_alternative"/>
                                            </h4>
                                        </td>
                                    </tr>

                                    <tr>
                                        <td text-align="right">
                                            <h4>(6)هل سترشح اقاربك او اصدقائك للعمل في الشركة ؟</h4>
                                        </td>
                                    </tr>
                                    <tr>
                                        <td>
                                            <h4>
                                                <field t-field="o.work_in_company"/>
                                            </h4>
                                        </td>
                                    </tr>

                                </table>
                            </div>
                            <div align="right" dir="rtl" style="text-align:right">
                                <table width="100%">
                                    <tr>
                                        <td text-align="right">
                                            <h4>(7)ما رايك في المكان وبيئة العمل التي كنت تمارس فيها عملك(اضاءة - تهوية
                                                -
                                                اثاث - دورات مياه) ؟
                                            </h4>
                                        </td>
                                    </tr>
                                    <tr>
                                        <td>
                                            <h4>
                                                <field t-field="o.place_work_environment"/>
                                            </h4>
                                        </td>
                                    </tr>

                                    <tr>
                                        <td text-align="right">
                                            <h4>(8)ما الشئ الذي تراه مميزا في شركتنا عن الشركات اﻻخري ؟</h4>
                                        </td>
                                    </tr>
                                    <tr>
                                        <td>
                                            <h4>
                                                <field t-field="o.advantage_company"/>
                                            </h4>
                                        </td>
                                    </tr>

                                    <tr>
                                        <td text-align="right">
                                            <h4>(9)ما هي المساعدات التي كنت تتلقاها من رئيسك المباشر حتي تستطيع اداء
                                                عملك
                                                بكفاءة ؟
                                            </h4>
                                        </td>
                                    </tr>
                                    <tr>
                                        <td>
                                            <h4>
                                                <field t-field="o.job_efficiently"/>
                                            </h4>
                                        </td>
                                    </tr>

                                    <tr>
                                        <td text-align="right">
                                            <h4>(10)هل بيئة العمل تساعد علي اﻻبداع ؟</h4>
                                        </td>
                                    </tr>
                                    <tr>
                                        <td>
                                            <h4>
                                                <field t-field="o.work_environment_creativity"/>
                                            </h4>
                                        </td>
                                    </tr>

                                    <tr>
                                        <td text-align="right">
                                            <h4>(11)من من الموظفين الزملاء تتمني لو تستمر في العمل معه (تأسف لتركه) ؟
                                            </h4>
                                        </td>
                                    </tr>
                                    <tr>
                                        <td>
                                            <h4>
                                                <field t-field="o.like_continue_working"/>
                                            </h4>
                                        </td>
                                    </tr>

                                    <tr>
                                        <td text-align="right">
                                            <h4>(12)هل انت راضي عن المرتب الذي تتقاضاه ؟</h4>
                                        </td>
                                    </tr>
                                    <tr>
                                        <td>
                                            <h4>
                                                <field t-field="o.salary_receive"/>
                                            </h4>
                                        </td>
                                    </tr>

                                    <tr>
                                        <td text-align="right">
                                            <h4>(13)ماذا كان ينقصك من مهارات وتدريب حتي تصبح في مكان رئيسك الماشر ؟</h4>
                                        </td>
                                    </tr>
                                    <tr>
                                        <td>
                                            <h4>
                                                <field t-field="o.place_your_boss"/>
                                            </h4>
                                        </td>
                                    </tr>

                                    <tr>
                                        <td text-align="right">
                                            <h4>(14)ما هي المهارات التي اضيقت اليك في فترة عملك معنا ؟</h4>
                                        </td>
                                    </tr>
                                    <tr>
                                        <td>
                                            <h4>
                                                <field t-field="o.added_period_work"/>
                                            </h4>
                                        </td>
                                    </tr>

                                </table>
                            </div>
                            <div align="right" dir="rtl" style="text-align:right">
                                <table width="100%">
                                    <tr>
                                        <td text-align="right">
                                            <h4>(15)ما اﻻجراءات اﻻصلاحية التي تري انها يتفيد لو تم تطبيقها في اﻻدارة
                                                التي
                                                تعمل بها ؟
                                            </h4>
                                        </td>
                                    </tr>
                                    <tr>
                                        <td>
                                            <h4>
                                                <field t-field="o.corrective_measures"/>
                                            </h4>
                                        </td>
                                    </tr>

                                    <tr>
                                        <td text-align="right">
                                            <h4>(16)من هو اكثر شخص عاونك علي اداء وظيفتك (بخلاف الرئيس) ؟</h4>
                                        </td>
                                    </tr>
                                    <tr>
                                        <td>
                                            <h4>
                                                <field t-field="o.performing_your_job"/>
                                            </h4>
                                        </td>
                                    </tr>

                                    <tr>
                                        <td text-align="right">
                                            <h4>(17)في حالة استمرارك في العمل كيف تري مستقبلك الوظيفي معنا لثلاث سنوات
                                                قادمة
                                                ؟
                                            </h4>
                                        </td>
                                    </tr>
                                    <tr>
                                        <td>
                                            <h4>
                                                <field t-field="o.continue_work_career"/>
                                            </h4>
                                        </td>
                                    </tr>

                                    <tr>
                                        <td text-align="right">
                                            <h4>(18)هل تتوقع العمل معنا مرة اخري في المستقبل ؟</h4>
                                        </td>
                                    </tr>
                                    <tr>
                                        <td>
                                            <h4>
                                                <field t-field="o.expect_work_again"/>
                                            </h4>
                                        </td>
                                    </tr>

                                    <tr>
                                        <td text-align="right">
                                            <h4>(19)ماذا تتمني ان تراه في شركتنا من تغييرات حتي تعود مرة اخري للعمل معنا
                                                ؟
                                            </h4>
                                        </td>
                                    </tr>
                                    <tr>
                                        <td>
                                            <h4>
                                                <field t-field="o.back_work_again"/>
                                            </h4>
                                        </td>
                                    </tr>

                                    <tr>
                                        <td text-align="right">
                                            <h4>(20)هل تم تسليم مهام عملك لشخص اخر ؟</h4>
                                        </td>
                                    </tr>
                                    <tr>
                                        <td>
                                            <h4>
                                                <field t-field="o.work_assignments_someone"/>
                                            </h4>
                                        </td>
                                    </tr>

                                    <tr>
                                        <td text-align="right">
                                            <h4>(21)اي تعليقات اخري ؟</h4>
                                        </td>
                                    </tr>
                                    <tr>
                                        <td>
                                            <h4>
                                                <field t-field="o.other_comments"/>
                                            </h4>
                                        </td>
                                    </tr>
                                </table>
                            </div>
                            <br/>
                            <br/>
                            <br/>
                            <br/>


                            <div margin="0 auto" padding-top="0" align="right" dir="rtl" style="text-align:right">
                                <table width="100%" style="border: 1px solid #ddd; background-color: #EFECEB ;">
                                    <tr>
                                        <td width="30%" style="border: 1px solid #ddd;" align="center">
                                            <h4>نتائج المقابلة</h4>
                                        </td>
                                        <td width="30%" style="border: 1px solid #ddd;" align="center">
                                            <h4>اهم التوصيات</h4>
                                        </td>
                                    </tr>
                                    <tr>
                                        <td width="30%" style="border: 1px solid #ddd;" align="center">
                                            <h4>
                                                <field t-field="o.interview_results"/>
                                            </h4>
                                        </td>
                                        <td width="30%" style="border: 1px solid #ddd;" align="center">
                                            <h4>
                                                <field t-field="o.important_recommendations"/>
                                            </h4>
                                        </td>
                                    </tr>
                                </table>
                            </div>
                        </div>
                    </t>
                </t>
            </t>
        </template>
    </data>
</odoo>


